<?xml version="1.0" encoding="UTF-8"?>
<project-private xmlns="http://www.netbeans.org/ns/project-private/1">
    <editor-bookmarks xmlns="http://www.netbeans.org/ns/editor-bookmarks/2" lastBookmarkId="0"/>
    <open-files xmlns="http://www.netbeans.org/ns/projectui-open-files/2">
        <group>
            <file>file:/home/diego/Dropbox/UTFPR/6%20PERIODO/SISTEMAS%20DISTRIBUIDOS/SDB/Servidor/src/Controle/Servidor.java</file>
            <file>file:/home/diego/Dropbox/UTFPR/6%20PERIODO/SISTEMAS%20DISTRIBUIDOS/SDB/Servidor/src/Mensagem/Mensagem.java</file>
            <file>file:/home/diego/Dropbox/UTFPR/6%20PERIODO/SISTEMAS%20DISTRIBUIDOS/SDB/Servidor/src/Controle/BD.java</file>
            <file>file:/home/diego/Dropbox/UTFPR/6%20PERIODO/SISTEMAS%20DISTRIBUIDOS/SDB/Servidor/src/Comando/Comando.java</file>
            <file>file:/home/diego/Dropbox/UTFPR/6%20PERIODO/SISTEMAS%20DISTRIBUIDOS/SDB/Servidor/src/Controle/Evento.java</file>
        </group>
    </open-files>
</project-private>
