<?xml version="1.0" encoding="UTF-8"?>
<project-private xmlns="http://www.netbeans.org/ns/project-private/1">
    <editor-bookmarks xmlns="http://www.netbeans.org/ns/editor-bookmarks/2" lastBookmarkId="0"/>
    <open-files xmlns="http://www.netbeans.org/ns/projectui-open-files/2">
        <group>
            <file>file:/home/diego/Dropbox/UTFPR/6%20PERIODO/SISTEMAS%20DISTRIBUIDOS/SDB/Client/src/IU/Login.java</file>
            <file>file:/home/diego/Dropbox/UTFPR/6%20PERIODO/SISTEMAS%20DISTRIBUIDOS/SDB/Client/src/IU/PCadastrarEvento.java</file>
            <file>file:/home/diego/Dropbox/UTFPR/6%20PERIODO/SISTEMAS%20DISTRIBUIDOS/SDB/Client/src/Mensagem/Mensagem.java</file>
            <file>file:/home/diego/Dropbox/UTFPR/6%20PERIODO/SISTEMAS%20DISTRIBUIDOS/SDB/Client/src/IU/TPrincipal.java</file>
            <file>file:/home/diego/Dropbox/UTFPR/6%20PERIODO/SISTEMAS%20DISTRIBUIDOS/SDB/Client/src/IU/PSelecionarEvento.java</file>
            <file>file:/home/diego/Dropbox/UTFPR/6%20PERIODO/SISTEMAS%20DISTRIBUIDOS/SDB/Client/src/IU/PAlterarAtividade.java</file>
            <file>file:/home/diego/Dropbox/UTFPR/6%20PERIODO/SISTEMAS%20DISTRIBUIDOS/SDB/Client/src/IU/Evento.java</file>
        </group>
    </open-files>
</project-private>
